"URL";"Name";"Expiration datetime"
"https://www.apitic.com/test-url";"Apitic";"2050-01-01 08:00:00"
"https://www.apitic.fr/test-url";"Apitic FR";"2040-01-01 08:00:00"
"https://www.apitic.fr/test-url2";"Apitic FR";"2040-01-01 08:00:00"
"https://www.apitic.fr/test-url2-dfsgfdgdflgjdfglfdlkgjfg6q4qdf54h6sdt45hsd465hdfg5df4g16fd515g1fd5g1465f1d56g1fd14g651df65g465fd4gdf45g46df4g65df";"Apitic FR";"2040-01-01 08:00:00"
"https://www.apitic.fr/test-url3";"Apitic FR";"2040-01-01 08:00:00"
"https://www.apitic.fr/test-url4";"Apitic FR";"2040-01-01 08:00:00"
"https://www.apitic.fr/test-url5";"Apitic FR";"2040-01-01 08:00:00"
"https://www.apitic.fr/test-url6";"Apitic FR";"2040-01-01 08:00:00"
"https://www.apitic.fr/test-url7";"Apitic FR";"2040-01-01 08:00:00"
"https://www.apitic.fr/test-url8";"Apitic FR";"2040-01-01 08:00:00"
"https://www.apitic.fr/test-url9";"Apitic FR";"2040-01-01 08:00:00"
"https://www.apitic.fr/test-url10";"Apitic FR";"2040-01-01 08:00:00"
"https://www.apitic.fr/test-url11";"Apitic FR";"2040-01-01 08:00:00"
"https://www.apitic.fr/test-url12";"Apitic FR";"2040-01-01 08:00:00"
"https://www.apitic.fr/test-url13";"Apitic FR";"2040-01-01 08:00:00"
"https://www.apitic.fr/test-url14";"Apitic FR";"2040-01-01 08:00:00"
"https://www.apitic.fr/test-url15";"Apitic FR";"2040-01-01 08:00:00"
"https://www.apitic.fr/test-url16";"Apitic FR";"2040-01-01 08:00:00"
"https://www.apitic.fr/test-url17";"Apitic FR";"2040-01-01 08:00:00"
"https://www.apitic.fr/test-url18";"Apitic FR";"2040-01-01 08:00:00"
"https://www.apitic.fr/test-url19";"Apitic FR";"2040-01-01 08:00:00"
"https://www.apitic.fr/test-url20";"Apitic FR";"2040-01-01 08:00:00"
"https://www.apitic.fr/test-url21";"Apitic FR";"2040-01-01 08:00:00"
"https://www.apitic.fr/test-url22";"Apitic FR";"2040-01-01 08:00:00"
"https://www.apitic.fr/test-url23";"Apitic FR";"2040-01-01 08:00:00"
"https://www.apitic.fr/test-url24";"Apitic FR";"2040-01-01 08:00:00"
"https://www.apitic.fr/test-url25";"Apitic FR";"2040-01-01 08:00:00"
"https://www.apitic.fr/test-url26";"Apitic FR";"2040-01-01 08:00:00"
"https://www.apitic.fr/test-url27";"Apitic FR";"2040-01-01 08:00:00"
"https://www.apitic.fr/test-url28";"Apitic FR";"2040-01-01 08:00:00"
"https://www.apitic.fr/test-url29";"Apitic FR";"2040-01-01 08:00:00"
"https://www.apitic.fr/test-url30";"Apitic FR";"2040-01-01 08:00:00"
"https://www.apitic.fr/test-url31";"Apitic FR";"2040-01-01 08:00:00"
"https://www.apitic.fr/test-url32";"Apitic FR";"2040-01-01 08:00:00"